CATCACGC	A	1
GTCGTCGC	A	2
ACGACCGC	A	3
TGATGCGC	A	4
CATCAATC	B	1
GTCGTATC	B	2
ACGACATC	B	3
TGATGATC	B	4
CATCATCC	C	1
GTCGTTCC	C	2
ACGACTCC	C	3
TGATGTCC	C	4
CATCAGAA	C	5
GTCGTGAA	D	1
ACGACGAA	D	2
TGATGGAA	D	3
TCACACGC	D	4
CGTGTCGC	D	5
GACACCGC	E	1
ATGTGCGC	E	2
TCACATCA	E	3
CGTGTTCA	E	4
GACACTCA	E	5
ATGTGTCA	F	1
TCACAGAG	F	2
CGTGTGAG	F	3
GACACGAG	F	4
ATGTGGAG	F	5
CTAACCGC	F	6
GCTTGCGC	F	7
AGCCACGC	G	1
TAGGTCGC	G	2
CTAACTCA	G	3
GCTTGTCA	G	4
AGCCATCA	G	5
TAGGTTCA	G	6
CTAACGAG	G	7
GCTTGGAG	H	1
AGCCAGAG	H	2
TAGGTGAG	H	3
GAATCCGA	H	4
ATTCGCGA	H	5
TCCGACGA	H	6
CGGATCGA	H	7
GAATCATC	I	1
ATTCGATC	I	2
TCCGAATC	I	3
CGGATATC	I	4
GAATCTCG	I	5
ATTCGTCG	J	1
